,id,ResponseType,TrialNumber,Response,Group,Points,prev_response,partner_id,partner_prev_response,partner_response,DecisionType,Cumulative Points
0,1,name,1,emma,9.0,0.0,nan,19,,tessa,BN,0.0
1,1,name,2,emma,5.0,0.0,emma,3,tessa,jane,RS,0.0
2,1,name,3,emma,4.0,0.0,emma,3,jane,jane,RS,0.0
3,1,name,4,jane,6.0,0.0,emma,19,jane,sarah,RP,0.0
4,1,name,5,jane,9.0,0.0,jane,19,sarah,amanda,RS,0.0
5,1,name,6,amanda,2.0,0.0,jane,3,amanda,emma,RP,0.0
6,1,name,7,emma,9.0,0.0,amanda,19,emma,amanda,RP,0.0
7,1,name,8,always say emma,10.0,0.0,emma,2,amanda,claire,BN,0.0
8,1,name,9,emma,6.0,0.0,always say emma,19,claire,sarah,EC,0.0
9,1,name,10,emma,2.0,0.0,emma,20,sarah,kelly,RS,0.0
10,1,name,11,emma,9.0,0.0,emma,19,kelly,sarah,RS,0.0
11,1,name,12,emma,4.0,0.0,emma,2,sarah,emma and put 6,RS,0.0
12,1,name,13,emma,5.0,0.0,emma,19,emma and put 6,sarah,RS,0.0
13,1,name,14,emma,10.0,1.0,emma,3,sarah,emma,RS,1.0
14,1,name,15,emma,2.0,1.0,emma,2,emma,emma,RP,2.0
15,1,name,16,emma,2.0,1.0,emma,3,emma,emma,RS,3.0
16,1,name,17,emma,1.0,1.0,emma,2,emma,emma,RS,4.0
17,1,name,18,emma,8.0,1.0,emma,3,emma,emma,RS,5.0
18,1,name,19,emma,3.0,0.0,emma,19,emma,sarah,RS,5.0
19,1,name,20,emma,10.0,0.0,emma,19,sarah,anna,RS,5.0
20,1,name,21,emma,5.0,1.0,emma,3,anna,emma,RS,6.0
21,1,name,22,emma,6.0,0.0,emma,20,emma,anna,RP,6.0
22,1,name,23,emma,6.0,0.0,emma,20,anna,anna,RS,6.0
23,1,name,24,anna,9.0,0.0,emma,19,anna,sarah,RP,6.0
24,1,name,25,emma,6.0,1.0,anna,3,sarah,emma,EC,7.0
25,1,name,26,emma,10.0,1.0,emma,3,emma,emma,RS,8.0
26,1,name,27,emma,4.0,0.0,emma,20,emma,anna,RS,8.0
27,1,name,28,emma,2.0,1.0,emma,3,anna,emma,RS,9.0
28,1,name,29,emma,2.0,1.0,emma,3,emma,emma,RP,10.0
29,1,name,30,emma,2.0,0.0,emma,19,emma,sarah,RS,10.0
30,1,name,31,sarah,5.0,0.0,emma,20,sarah,anna,RP,10.0
31,1,name,32,emma,1.0,1.0,sarah,3,anna,emma,EC,11.0
32,1,name,33,emma,10.0,1.0,emma,2,emma,emma,RS,12.0
33,1,name,34,emma,8.0,1.0,emma,3,emma,emma,RS,13.0
34,1,name,35,emma,6.0,0.0,emma,19,emma,sarah,RS,13.0
35,1,name,36,emma,3.0,1.0,emma,3,sarah,emma,RS,14.0
36,1,name,37,emma,10.0,0.0,emma,20,emma,anna,RP,14.0
37,1,name,38,emma,2.0,1.0,emma,2,anna,emma,RS,15.0
38,1,name,39,emma,4.0,1.0,emma,2,emma,emma,RS,16.0
39,1,name,40,emma,4.0,0.0,emma,19,emma,sarah,RP,16.0
40,2,name,1,claire,10.0,0.0,nan,20,,emily,BN,0.0
41,2,name,2,emily,6.0,0.0,claire,4,emily,kelly,RP,0.0
42,2,name,3,kelly,5.0,1.0,emily,4,kelly,kelly,RP,1.0
43,2,name,4,kelly,7.0,0.0,kelly,20,kelly,claire,RS,1.0
44,2,name,5,claire,10.0,0.0,kelly,3,claire,emma,RP,1.0
45,2,name,6,emma,3.0,0.0,claire,4,emma,kelly,RP,1.0
46,2,name,7,kelly,10.0,0.0,emma,20,kelly,claire,RP,1.0
47,2,name,8,claire,10.0,0.0,kelly,1,claire,always say emma,RP,1.0
48,2,name,9,emm,7.0,0.0,claire,4,always say emma,kelly,BN,1.0
49,2,name,10,emma,3.0,1.0,emm,3,kelly,emma,EC,2.0
50,2,name,11,emma,10.0,0.0,emma,4,emma,kelly,RS,2.0
51,2,name,12,emma and put 6,4.0,0.0,emma,1,kelly,emma,BN,2.0
52,2,name,13,emma,6.0,1.0,emma and put 6,3,emma,emma,RP,3.0
53,2,name,14,emma,1.0,1.0,emma,4,emma,emma,RP,4.0
54,2,name,15,emma,2.0,1.0,emma,1,emma,emma,RS,5.0
55,2,name,16,emma,3.0,1.0,emma,4,emma,emma,RS,6.0
56,2,name,17,emma,1.0,1.0,emma,1,emma,emma,RP,7.0
57,2,name,18,emma,7.0,0.0,emma,20,emma,anna,RS,7.0
58,2,name,19,emma,4.0,1.0,emma,3,anna,emma,RS,8.0
59,2,name,20,emma,1.0,1.0,emma,4,emma,emma,RP,9.0
60,2,name,21,emma,4.0,0.0,emma,20,emma,anna,RP,9.0
61,2,name,22,emm,7.0,0.0,emma,4,anna,emma,EC,9.0
62,2,name,23,emm,7.0,0.0,emm,3,emma,emma,RS,9.0
63,2,name,24,emma,10.0,0.0,emm,20,emma,anna,RP,9.0
64,2,name,25,emma,5.0,0.0,emma,20,anna,anna,RS,9.0
65,2,name,26,emma,9.0,0.0,emma,20,anna,anna,RS,9.0
66,2,name,27,anna,5.0,0.0,emma,3,anna,emma,RP,9.0
67,2,name,28,emma,3.0,1.0,anna,4,emma,emma,RP,10.0
68,2,name,29,emma,1.0,0.0,emma,20,emma,anna,RP,10.0
69,2,name,30,emma,3.0,1.0,emma,4,anna,emma,RS,11.0
70,2,name,31,emma,6.0,1.0,emma,4,emma,emma,RS,12.0
71,2,name,32,emma,2.0,0.0,emma,20,emma,anna,RS,12.0
72,2,name,33,emma,10.0,1.0,emma,1,anna,emma,RS,13.0
73,2,name,34,emma,7.0,0.0,emma,20,emma,anna,RP,13.0
74,2,name,35,emma,7.0,0.0,emma,20,anna,anna,RS,13.0
75,2,name,36,emma,2.0,0.0,emma,20,anna,anna,RS,13.0
76,2,name,37,emma,1.0,1.0,emma,3,anna,emma,RS,14.0
77,2,name,38,emma,2.0,1.0,emma,1,emma,emma,RS,15.0
78,2,name,39,emma,4.0,1.0,emma,1,emma,emma,RP,16.0
79,2,name,40,emma,5.0,0.0,emma,20,emma,anna,RS,16.0
80,3,name,1,sarah,1.0,0.0,nan,5,,jane,BN,0.0
81,3,name,2,jane,5.0,0.0,sarah,1,jane,emma,RP,0.0
82,3,name,3,jane,4.0,0.0,jane,1,emma,emma,RS,0.0
83,3,name,4,emma,8.0,0.0,jane,4,emma,kelly,RP,0.0
84,3,name,5,emma,10.0,0.0,emma,2,kelly,claire,RS,0.0
85,3,name,6,emma,2.0,0.0,emma,1,claire,amanda,RS,0.0
86,3,name,7,emma,1.0,0.0,emma,4,amanda,kelly,RS,0.0
87,3,name,8,emma,1.0,0.0,emma,4,kelly,kelly,RS,0.0
88,3,name,9,emma,8.0,0.0,emma,5,kelly,sarah,RS,0.0
89,3,name,10,emma,3.0,1.0,emma,2,sarah,emma,RS,1.0
90,3,name,11,emma,1.0,0.0,emma,5,emma,sarah,RS,1.0
91,3,name,12,sarah,5.0,0.0,emma,4,sarah,kelly,RP,1.0
92,3,name,13,emma,6.0,1.0,sarah,2,kelly,emma,EC,2.0
93,3,name,14,emma,10.0,1.0,emma,1,emma,emma,RS,3.0
94,3,name,15,emma,3.0,0.0,emma,5,emma,sarah,RS,3.0
95,3,name,16,emma,2.0,1.0,emma,1,sarah,emma,RS,4.0
96,3,name,17,emma,2.0,1.0,emma,4,emma,emma,RP,5.0
97,3,name,18,emma,8.0,1.0,emma,1,emma,emma,RP,6.0
98,3,name,19,emma,4.0,1.0,emma,2,emma,emma,RS,7.0
99,3,name,20,emma,2.0,0.0,emma,5,emma,sarah,RP,7.0
100,3,name,21,emma,5.0,1.0,emma,1,sarah,emma,RS,8.0
101,3,name,22,emma,8.0,0.0,emma,5,emma,sarah,RS,8.0
102,3,name,23,emma,7.0,0.0,emma,2,sarah,emm,RS,8.0
103,3,name,24,emma,1.0,1.0,emma,4,emm,emma,RS,9.0
104,3,name,25,emma,6.0,1.0,emma,1,emma,emma,RS,10.0
105,3,name,26,emma,10.0,1.0,emma,1,emma,emma,RP,11.0
106,3,name,27,emma,5.0,0.0,emma,2,emma,anna,RP,11.0
107,3,name,28,emma,2.0,1.0,emma,1,anna,emma,RS,12.0
108,3,name,29,emma,2.0,1.0,emma,1,emma,emma,RP,13.0
109,3,name,30,emma,4.0,0.0,emma,5,emma,sarah,RP,13.0
110,3,name,31,emma,7.0,1.0,emma,5,sarah,emma,RS,14.0
111,3,name,32,emma,1.0,1.0,emma,1,emma,emma,RP,15.0
112,3,name,33,emma,1.0,1.0,emma,4,emma,emma,RS,16.0
113,3,name,34,emma,8.0,1.0,emma,1,emma,emma,RS,17.0
114,3,name,35,emma,8.0,0.0,emma,5,emma,sarah,RP,17.0
115,3,name,36,emma,3.0,1.0,emma,1,sarah,emma,RS,18.0
116,3,name,37,emma,1.0,1.0,emma,2,emma,emma,RP,19.0
117,3,name,38,emma,3.0,1.0,emma,4,emma,emma,RS,20.0
118,3,name,39,emma,5.0,0.0,emma,5,emma,sarah,RS,20.0
119,3,name,40,emma,6.0,1.0,emma,4,sarah,emma,RS,21.0
120,4,name,1,kelly,2.0,0.0,nan,6,,amanda,BN,0.0
121,4,name,2,kelly,6.0,0.0,kelly,2,amanda,emily,RS,0.0
122,4,name,3,kelly,5.0,1.0,kelly,2,emily,kelly,RS,1.0
123,4,name,4,kelly,8.0,0.0,kelly,3,kelly,emma,RP,1.0
124,4,name,5,kelly,2.0,0.0,kelly,6,emma,amanda,RS,1.0
125,4,name,6,kelly,3.0,0.0,kelly,2,amanda,emma,RS,1.0
126,4,name,7,kelly,1.0,0.0,kelly,3,emma,emma,RS,1.0
127,4,name,8,kelly,1.0,0.0,kelly,3,emma,emma,RS,1.0
128,4,name,9,kelly,7.0,0.0,kelly,2,emma,emm,RS,1.0
129,4,name,10,kelly,4.0,0.0,kelly,6,emm,sarah,RS,1.0
130,4,name,11,kelly,10.0,0.0,kelly,2,sarah,emma,RS,1.0
131,4,name,12,kelly,5.0,0.0,kelly,3,emma,sarah,RS,1.0
132,4,name,13,kelly,7.0,0.0,kelly,5,sarah,emma,RS,1.0
133,4,name,14,emma,1.0,1.0,kelly,2,emma,emma,RP,2.0
134,4,name,15,emma,4.0,0.0,emma,6,emma,sarah,RS,2.0
135,4,name,16,emma,3.0,1.0,emma,2,sarah,emma,RS,3.0
136,4,name,17,emma,2.0,1.0,emma,3,emma,emma,RS,4.0
137,4,name,18,emma,9.0,0.0,emma,6,emma,sarah,RP,4.0
138,4,name,19,emma,5.0,0.0,emma,5,sarah,sarah,RS,4.0
139,4,name,20,emma,1.0,1.0,emma,2,sarah,emma,RS,5.0
140,4,name,21,emma,6.0,0.0,emma,6,emma,sarah,RS,5.0
141,4,name,22,emma,7.0,0.0,emma,2,sarah,emm,RS,5.0
142,4,name,23,emma,8.0,0.0,emma,5,emm,sarah,RS,5.0
143,4,name,24,emma,1.0,1.0,emma,3,sarah,emma,RS,6.0
144,4,name,25,sarah,7.0,0.0,emma,5,emma,emma,EC,6.0
145,4,name,26,emma,1.0,0.0,sarah,6,emma,sarah,RP,6.0
146,4,name,27,emma,6.0,0.0,emma,6,sarah,sarah,RS,6.0
147,4,name,28,emma,3.0,1.0,emma,2,sarah,emma,RS,7.0
148,4,name,29,emma,3.0,0.0,emma,6,emma,sarah,RP,7.0
149,4,name,30,emma,3.0,1.0,emma,2,sarah,emma,RS,8.0
150,4,name,31,emma,6.0,1.0,emma,2,emma,emma,RS,9.0
151,4,name,32,emma,3.0,0.0,emma,6,emma,sarah,RS,9.0
152,4,name,33,emma,1.0,1.0,emma,3,sarah,emma,RS,10.0
153,4,name,34,emma,9.0,0.0,emma,5,emma,sarah,RP,10.0
154,4,name,35,emma,9.0,0.0,emma,6,sarah,sarah,RS,10.0
155,4,name,36,emma,4.0,1.0,emma,5,sarah,emma,RS,11.0
156,4,name,37,emma,2.0,1.0,emma,5,emma,emma,RP,12.0
157,4,name,38,emma,3.0,1.0,emma,3,emma,emma,RS,13.0
158,4,name,39,emma,6.0,0.0,emma,6,emma,sarah,RS,13.0
159,4,name,40,emma,6.0,1.0,emma,3,sarah,emma,RS,14.0
160,5,name,1,jane,1.0,0.0,nan,3,,sarah,BN,0.0
161,5,name,2,sarah,7.0,0.0,jane,7,sarah,pick moderately agree for all. tiffany.,RP,0.0
162,5,name,3,tiffany,6.0,0.0,sarah,6,pick moderately agree for all. tiffany.,amanda,BN,0.0
163,5,name,4,amanda,9.0,1.0,tiffany,6,amanda,amanda,RP,1.0
164,5,name,5,amanda,1.0,0.0,amanda,7,amanda,hoobastank,RS,1.0
165,5,name,6,laura,4.0,0.0,amanda,6,hoobastank,amanda,BN,1.0
166,5,name,7,amanda,2.0,0.0,laura,7,amanda,sara,RP,1.0
167,5,name,8,sarah,2.0,1.0,amanda,6,sara,sarah,EC,2.0
168,5,name,9,sarah,8.0,0.0,sarah,3,sarah,emma,RS,2.0
169,5,name,10,sarah,5.0,1.0,sarah,7,emma,sarah,RS,3.0
170,5,name,11,sarah,1.0,0.0,sarah,3,sarah,emma,RP,3.0
171,5,name,12,emma,6.0,0.0,sarah,6,emma,sarah,RP,3.0
172,5,name,13,emma,7.0,0.0,emma,4,sarah,kelly,RS,3.0
173,5,name,14,kelly,2.0,0.0,emma,7,kelly,sarah,RP,3.0
174,5,name,15,sarah,3.0,0.0,kelly,3,sarah,emma,RP,3.0
175,5,name,16,sarah,4.0,1.0,sarah,6,emma,sarah,RS,4.0
176,5,name,17,sarah,3.0,1.0,sarah,6,sarah,sarah,RP,5.0
177,5,name,18,sarah,10.0,1.0,sarah,7,sarah,sarah,RP,6.0
178,5,name,19,sarah,5.0,0.0,sarah,4,sarah,emma,RS,6.0
179,5,name,20,sarah,2.0,0.0,sarah,3,emma,emma,RS,6.0
180,5,name,21,sarah,7.0,1.0,sarah,7,emma,sarah,RS,7.0
181,5,name,22,sarah,8.0,0.0,sarah,3,sarah,emma,RP,7.0
182,5,name,23,sarah,8.0,0.0,sarah,4,emma,emma,RS,7.0
183,5,name,24,emma,2.0,0.0,sarah,6,emma,sarah,RP,7.0
184,5,name,25,emma,7.0,0.0,emma,4,sarah,sarah,RS,7.0
185,5,name,26,emma,2.0,0.0,emma,7,sarah,sarah,RS,7.0
186,5,name,27,emma,7.0,0.0,emma,7,sarah,sarah,RS,7.0
187,5,name,28,sarah,4.0,1.0,emma,6,sarah,sarah,RP,8.0
188,5,name,29,sarah,4.0,1.0,sarah,7,sarah,sarah,RP,9.0
189,5,name,30,sarah,4.0,0.0,sarah,3,sarah,emma,RP,9.0
190,5,name,31,emma,7.0,1.0,sarah,3,emma,emma,RP,10.0
191,5,name,32,emma,4.0,0.0,emma,7,emma,sarah,RP,10.0
192,5,name,33,sarah,2.0,1.0,emma,6,sarah,sarah,RP,11.0
193,5,name,34,sarah,9.0,0.0,sarah,4,sarah,emma,RP,11.0
194,5,name,35,sarah,8.0,0.0,sarah,3,emma,emma,RS,11.0
195,5,name,36,emma,4.0,1.0,sarah,4,emma,emma,RP,12.0
196,5,name,37,emma,2.0,1.0,emma,4,emma,emma,RS,13.0
197,5,name,38,emma,4.0,0.0,emma,6,emma,sarah,RP,13.0
198,5,name,39,sarah,5.0,0.0,emma,3,sarah,emma,RP,13.0
199,5,name,40,emma,7.0,0.0,sarah,7,emma,sarah,RP,13.0
200,6,name,1,amanda,2.0,0.0,nan,4,,kelly,BN,0.0
201,6,name,2,sarah,8.0,0.0,amanda,8,kelly,jaime,BN,0.0
202,6,name,3,amanda,6.0,0.0,sarah,5,jaime,tiffany,EC,0.0
203,6,name,4,amanda,9.0,1.0,amanda,5,tiffany,amanda,RS,1.0
204,6,name,5,amanda,2.0,0.0,amanda,4,amanda,kelly,RP,1.0
205,6,name,6,amanda,4.0,0.0,amanda,5,kelly,laura,RS,1.0
206,6,name,7,sarah,3.0,0.0,amanda,8,laura,amber,EC,1.0
207,6,name,8,sarah,2.0,1.0,sarah,5,amber,sarah,RS,2.0
208,6,name,9,sarah,9.0,0.0,sarah,7,sarah,bimblebeeb,RS,2.0
209,6,name,10,sarah,4.0,0.0,sarah,4,bimblebeeb,kelly,RS,2.0
210,6,name,11,sarah,2.0,1.0,sarah,7,kelly,sarah,RS,3.0
211,6,name,12,sarah,6.0,0.0,sarah,5,sarah,emma,RS,3.0
212,6,name,13,sarah,8.0,0.0,sarah,8,emma,janet,RS,3.0
213,6,name,14,sarah,3.0,1.0,sarah,8,janet,sarah,RS,4.0
214,6,name,15,sarah,4.0,0.0,sarah,4,sarah,emma,RP,4.0
215,6,name,16,sarah,4.0,1.0,sarah,5,emma,sarah,RS,5.0
216,6,name,17,sarah,3.0,1.0,sarah,5,sarah,sarah,RP,6.0
217,6,name,18,sarah,9.0,0.0,sarah,4,sarah,emma,RS,6.0
218,6,name,19,sarah,6.0,1.0,sarah,8,emma,sarah,RS,7.0
219,6,name,20,sarah,3.0,1.0,sarah,7,sarah,sarah,RS,8.0
220,6,name,21,sarah,6.0,0.0,sarah,4,sarah,emma,RS,8.0
221,6,name,22,sarah,9.0,1.0,sarah,8,emma,sarah,RS,9.0
222,6,name,23,sarah,9.0,1.0,sarah,7,sarah,sarah,RP,10.0
223,6,name,24,sarah,2.0,0.0,sarah,5,sarah,emma,RP,10.0
224,6,name,25,sarah,8.0,1.0,sarah,7,emma,sarah,RS,11.0
225,6,name,26,sarah,1.0,0.0,sarah,4,sarah,emma,RS,11.0
226,6,name,27,sarah,6.0,0.0,sarah,4,emma,emma,RS,11.0
227,6,name,28,sarah,4.0,1.0,sarah,5,emma,sarah,RS,12.0
228,6,name,29,sarah,3.0,0.0,sarah,4,sarah,emma,RP,12.0
229,6,name,30,sarah,5.0,1.0,sarah,7,emma,sarah,RS,13.0
230,6,name,31,sarah,8.0,0.0,sarah,8,sarah,janet,RP,13.0
231,6,name,32,sarah,3.0,0.0,sarah,4,janet,emma,RS,13.0
232,6,name,33,sarah,2.0,1.0,sarah,5,emma,sarah,RS,14.0
233,6,name,34,sarah,10.0,1.0,sarah,7,sarah,sarah,RS,15.0
234,6,name,35,sarah,9.0,0.0,sarah,4,sarah,emma,RP,15.0
235,6,name,36,sarah,5.0,1.0,sarah,8,emma,sarah,RS,16.0
236,6,name,37,sarah,3.0,1.0,sarah,8,sarah,sarah,RP,17.0
237,6,name,38,sarah,4.0,0.0,sarah,5,sarah,emma,RS,17.0
238,6,name,39,sarah,6.0,0.0,sarah,4,emma,emma,RS,17.0
239,6,name,40,sarah,8.0,1.0,sarah,8,emma,sarah,RS,18.0
240,7,name,1,jaime,3.0,0.0,nan,8,,amanda,BN,0.0
241,7,name,2,pick moderately agree for all. tiffany.,7.0,0.0,jaime,5,amanda,sarah,BN,0.0
242,7,name,3,shazbot,7.0,0.0,pick moderately agree for all. tiffany.,8,sarah,abigail,BN,0.0
243,7,name,4,winnifer,10.0,0.0,shazbot,8,abigail,jessica,BN,0.0
244,7,name,5,hoobastank,1.0,0.0,winnifer,5,jessica,amanda,BN,0.0
245,7,name,6,jimothy,5.0,0.0,hoobastank,8,amanda,sara,BN,0.0
246,7,name,7,sara,2.0,0.0,jimothy,5,sara,amanda,RP,0.0
247,7,name,8,horse,3.0,0.0,sara,9,amanda,janet,BN,0.0
248,7,name,9,bimblebeeb,9.0,0.0,horse,6,janet,sarah,BN,0.0
249,7,name,10,sarah,5.0,1.0,bimblebeeb,5,sarah,sarah,RP,1.0
250,7,name,11,sarah,2.0,1.0,sarah,6,sarah,sarah,RS,2.0
251,7,name,12,sarah,7.0,0.0,sarah,9,sarah,janet,RP,2.0
252,7,name,13,sarah,9.0,0.0,sarah,9,janet,janet,RS,2.0
253,7,name,14,sarah,2.0,0.0,sarah,5,janet,kelly,RS,2.0
254,7,name,15,sarah,5.0,0.0,sarah,9,kelly,janet,RS,2.0
255,7,name,16,sarah,5.0,0.0,sarah,8,janet,amber,RS,2.0
256,7,name,17,sarah,4.0,0.0,sarah,9,amber,janet,RS,2.0
257,7,name,18,sarah,10.0,1.0,sarah,5,janet,sarah,RS,3.0
258,7,name,19,sarah,7.0,0.0,sarah,9,sarah,janet,RP,3.0
259,7,name,20,sarah,3.0,1.0,sarah,6,janet,sarah,RS,4.0
260,7,name,21,sarah,7.0,1.0,sarah,5,sarah,sarah,RS,5.0
261,7,name,22,sarah,10.0,0.0,sarah,9,sarah,janet,RS,5.0
262,7,name,23,sarah,9.0,1.0,sarah,6,janet,sarah,RS,6.0
263,7,name,24,sarah,3.0,0.0,sarah,9,sarah,janet,RS,6.0
264,7,name,25,sarah,8.0,1.0,sarah,6,janet,sarah,RS,7.0
265,7,name,26,sarah,2.0,0.0,sarah,5,sarah,emma,RP,7.0
266,7,name,27,sarah,7.0,0.0,sarah,5,emma,emma,RS,7.0
267,7,name,28,sarah,5.0,0.0,sarah,8,emma,janet,RS,7.0
268,7,name,29,sarah,4.0,1.0,sarah,5,janet,sarah,RS,8.0
269,7,name,30,sarah,5.0,1.0,sarah,6,sarah,sarah,RP,9.0
270,7,name,31,sarah,9.0,0.0,sarah,9,sarah,janet,RS,9.0
271,7,name,32,sarah,4.0,0.0,sarah,5,janet,emma,RS,9.0
272,7,name,33,sarah,3.0,0.0,sarah,8,emma,janet,RS,9.0
273,7,name,34,sarah,10.0,1.0,sarah,6,janet,sarah,RS,10.0
274,7,name,35,sarah,10.0,1.0,sarah,8,sarah,sarah,RP,11.0
275,7,name,36,sarah,6.0,0.0,sarah,9,sarah,janet,RP,11.0
276,7,name,37,sarah,4.0,0.0,sarah,9,janet,janet,RS,11.0
277,7,name,38,sarah,5.0,1.0,sarah,8,janet,sarah,RS,12.0
278,7,name,39,sarah,7.0,0.0,sarah,9,sarah,janet,RS,12.0
279,7,name,40,sarah,7.0,0.0,sarah,5,janet,emma,RS,12.0
280,8,name,1,amanda,3.0,0.0,nan,7,,jaime,BN,0.0
281,8,name,2,jaime,8.0,0.0,amanda,6,jaime,sarah,RP,0.0
282,8,name,3,abigail,7.0,0.0,jaime,7,sarah,shazbot,BN,0.0
283,8,name,4,jessica,10.0,0.0,abigail,7,shazbot,winnifer,BN,0.0
284,8,name,5,amy,3.0,0.0,jessica,9,winnifer,janet,BN,0.0
285,8,name,6,sara,5.0,0.0,amy,7,janet,jimothy,BN,0.0
286,8,name,7,amber,3.0,0.0,sara,6,jimothy,sarah,BN,0.0
287,8,name,8,sarah,4.0,0.0,amber,10,sarah,kelly,RP,0.0
288,8,name,9,janet,10.0,1.0,sarah,9,kelly,janet,EC,1.0
289,8,name,10,garnet,6.0,0.0,janet,9,janet,janet,BN,1.0
290,8,name,11,margaet,3.0,0.0,garnet,9,janet,janet,BN,1.0
291,8,name,12,janet,8.0,1.0,margaet,10,janet,janet,RP,2.0
292,8,name,13,janet,8.0,0.0,janet,6,janet,sarah,RS,2.0
293,8,name,14,sarah,3.0,1.0,janet,6,sarah,sarah,RP,3.0
294,8,name,15,margaret,6.0,0.0,sarah,10,sarah,janet,BN,3.0
295,8,name,16,amber,5.0,0.0,margaret,7,janet,sarah,EC,3.0
296,8,name,17,jaime,5.0,0.0,amber,10,sarah,janet,EC,3.0
297,8,name,18,erica,1.0,0.0,jaime,9,janet,sarah,BN,3.0
298,8,name,19,sarah,6.0,1.0,erica,6,sarah,sarah,RP,4.0
299,8,name,20,sarah,4.0,0.0,sarah,9,sarah,janet,RP,4.0
300,8,name,21,sarah,8.0,0.0,sarah,10,janet,janet,RS,4.0
301,8,name,22,sarah,9.0,1.0,sarah,6,janet,sarah,RS,5.0
302,8,name,23,sarah,10.0,0.0,sarah,9,sarah,janet,RS,5.0
303,8,name,24,sarah,4.0,0.0,sarah,10,janet,janet,RS,5.0
304,8,name,25,sarah,9.0,0.0,sarah,9,janet,janet,RS,5.0
305,8,name,26,sarah,3.0,0.0,sarah,9,janet,janet,RS,5.0
306,8,name,27,janet,8.0,1.0,sarah,9,janet,janet,RP,6.0
307,8,name,28,janet,5.0,0.0,janet,7,janet,sarah,RS,6.0
308,8,name,29,sarah,5.0,0.0,janet,10,sarah,janet,RP,6.0
309,8,name,30,janet,6.0,1.0,sarah,9,janet,janet,RP,7.0
310,8,name,31,janet,8.0,0.0,janet,6,janet,sarah,RP,7.0
311,8,name,32,sarah,5.0,0.0,janet,9,sarah,janet,RP,7.0
312,8,name,33,janet,3.0,0.0,sarah,7,janet,sarah,RP,7.0
313,8,name,34,sarah,1.0,0.0,janet,9,sarah,janet,RP,7.0
314,8,name,35,sarah,10.0,1.0,sarah,7,janet,sarah,RS,8.0
315,8,name,36,sarah,5.0,1.0,sarah,6,sarah,sarah,RP,9.0
316,8,name,37,sarah,3.0,1.0,sarah,6,sarah,sarah,RS,10.0
317,8,name,38,sarah,5.0,1.0,sarah,7,sarah,sarah,RP,11.0
318,8,name,39,sarah,8.0,0.0,sarah,10,sarah,janet,RP,11.0
319,8,name,40,sarah,8.0,1.0,sarah,6,janet,sarah,RS,12.0
320,9,name,1,janet,4.0,0.0,nan,10,,angie,BN,0.0
321,9,name,2,angie,9.0,0.0,janet,10,angie,janet,RP,0.0
322,9,name,3,janet,8.0,1.0,angie,10,janet,janet,RP,1.0
323,9,name,4,janet,1.0,1.0,janet,10,janet,janet,RP,2.0
324,9,name,5,janet,3.0,0.0,janet,8,janet,amy,RS,2.0
325,9,name,6,janet,6.0,0.0,janet,10,amy,kelly,RS,2.0
326,9,name,7,janet,4.0,0.0,janet,10,kelly,kelly,RS,2.0
327,9,name,8,janet,3.0,0.0,janet,7,kelly,horse,RS,2.0
328,9,name,9,janet,10.0,1.0,janet,8,horse,janet,RS,3.0
329,9,name,10,janet,6.0,0.0,janet,8,janet,garnet,RP,3.0
330,9,name,11,janet,3.0,0.0,janet,8,garnet,margaet,RS,3.0
331,9,name,12,janet,7.0,0.0,janet,7,margaet,sarah,RS,3.0
332,9,name,13,janet,9.0,0.0,janet,7,sarah,sarah,RS,3.0
333,9,name,14,janet,4.0,1.0,janet,11,sarah,janet,RS,4.0
334,9,name,15,janet,5.0,0.0,janet,7,janet,sarah,RP,4.0
335,9,name,16,janet,6.0,1.0,janet,10,sarah,janet,RS,5.0
336,9,name,17,janet,4.0,0.0,janet,7,janet,sarah,RS,5.0
337,9,name,18,sarah,1.0,0.0,janet,8,sarah,erica,RP,5.0
338,9,name,19,janet,7.0,0.0,sarah,7,erica,sarah,EC,5.0
339,9,name,20,janet,4.0,0.0,janet,8,sarah,sarah,RS,5.0
340,9,name,21,janet,9.0,1.0,janet,11,sarah,janet,RS,6.0
341,9,name,22,janet,10.0,0.0,janet,7,janet,sarah,RP,6.0
342,9,name,23,janet,10.0,0.0,janet,8,sarah,sarah,RS,6.0
343,9,name,24,janet,3.0,0.0,janet,7,sarah,sarah,RS,6.0
344,9,name,25,janet,9.0,0.0,janet,8,sarah,sarah,RS,6.0
345,9,name,26,janet,3.0,0.0,janet,8,sarah,sarah,RS,6.0
346,9,name,27,janet,8.0,1.0,janet,8,sarah,janet,RS,7.0
347,9,name,28,janet,6.0,1.0,janet,10,janet,janet,RS,8.0
348,9,name,29,janet,6.0,0.0,janet,11,janet,charlie,RS,8.0
349,9,name,30,janet,6.0,1.0,janet,8,charlie,janet,RS,9.0
350,9,name,31,janet,9.0,0.0,janet,7,janet,sarah,RS,9.0
351,9,name,32,janet,5.0,0.0,janet,8,sarah,sarah,RS,9.0
352,9,name,33,janet,4.0,1.0,janet,11,sarah,janet,RS,10.0
353,9,name,34,janet,1.0,0.0,janet,8,janet,sarah,RP,10.0
354,9,name,35,janet,1.0,1.0,janet,10,sarah,janet,RS,11.0
355,9,name,36,janet,6.0,0.0,janet,7,janet,sarah,RS,11.0
356,9,name,37,janet,4.0,0.0,janet,7,sarah,sarah,RS,11.0
357,9,name,38,janet,6.0,1.0,janet,10,sarah,janet,RS,12.0
358,9,name,39,janet,7.0,0.0,janet,7,janet,sarah,RS,12.0
359,9,name,40,janet,9.0,1.0,janet,11,sarah,janet,RS,13.0
360,10,name,1,angie,4.0,0.0,nan,9,,janet,BN,0.0
361,10,name,2,janet,9.0,0.0,angie,9,janet,angie,RP,0.0
362,10,name,3,janet,8.0,1.0,janet,9,angie,janet,RS,1.0
363,10,name,4,janet,1.0,1.0,janet,9,janet,janet,RP,2.0
364,10,name,5,janet,4.0,0.0,janet,12,janet,kelly,RP,2.0
365,10,name,6,kelly,6.0,0.0,janet,9,kelly,janet,RP,2.0
366,10,name,7,kelly,4.0,0.0,kelly,9,janet,janet,RS,2.0
367,10,name,8,kelly,4.0,0.0,kelly,8,janet,sarah,RS,2.0
368,10,name,9,janet,1.0,0.0,kelly,12,sarah,kelly,EC,2.0
369,10,name,10,janet,7.0,0.0,janet,11,kelly,kelly,RS,2.0
370,10,name,11,janet,4.0,0.0,janet,11,kelly,kelly,RS,2.0
371,10,name,12,janet,8.0,1.0,janet,8,kelly,janet,RS,3.0
372,10,name,13,janet,10.0,0.0,janet,11,janet,kelly,RP,3.0
373,10,name,14,janet,5.0,0.0,janet,12,kelly,bianca,RS,3.0
374,10,name,15,janet,6.0,0.0,janet,8,bianca,margaret,RS,3.0
375,10,name,16,janet,6.0,1.0,janet,9,margaret,janet,RS,4.0
376,10,name,17,janet,5.0,0.0,janet,8,janet,jaime,RP,4.0
377,10,name,18,jamie,2.0,0.0,janet,12,jaime,anna,BN,4.0
378,10,name,19,janet,8.0,1.0,jamie,12,anna,janet,EC,5.0
379,10,name,20,janet,5.0,0.0,janet,11,janet,charlie,RP,5.0
380,10,name,21,janet,8.0,0.0,janet,8,charlie,sarah,RS,5.0
381,10,name,22,janet,1.0,1.0,janet,11,sarah,janet,RS,6.0
382,10,name,23,janet,1.0,0.0,janet,12,janet,anna,RS,6.0
383,10,name,24,janet,4.0,0.0,janet,8,anna,sarah,RS,6.0
384,10,name,25,janet,10.0,0.0,janet,11,sarah,charlie,RS,6.0
385,10,name,26,janet,4.0,1.0,janet,11,charlie,janet,RS,7.0
386,10,name,27,janet,9.0,1.0,janet,11,janet,janet,RS,8.0
387,10,name,28,janet,6.0,1.0,janet,9,janet,janet,RP,9.0
388,10,name,29,janet,5.0,0.0,janet,8,janet,sarah,RP,9.0
389,10,name,30,janet,7.0,0.0,janet,12,sarah,charlie,RS,9.0
390,10,name,31,janet,10.0,1.0,janet,11,charlie,janet,RS,10.0
391,10,name,32,janet,6.0,1.0,janet,12,janet,janet,RP,11.0
392,10,name,33,janet,5.0,0.0,janet,12,janet,anna,RP,11.0
393,10,name,34,janet,2.0,0.0,janet,11,anna,charlie,RS,11.0
394,10,name,35,janet,1.0,1.0,janet,9,charlie,janet,RS,12.0
395,10,name,36,janet,7.0,0.0,janet,12,janet,anna,RS,12.0
396,10,name,37,janet,5.0,1.0,janet,11,anna,janet,RS,13.0
397,10,name,38,janet,6.0,1.0,janet,9,janet,janet,RP,14.0
398,10,name,39,janet,8.0,0.0,janet,8,janet,sarah,RS,14.0
399,10,name,40,janet,10.0,1.0,janet,12,sarah,janet,RS,15.0
400,11,name,1,rebecca,5.0,0.0,nan,12,,lisa,BN,0.0
401,11,name,2,melissa,10.0,0.0,rebecca,12,lisa,shannon,BN,0.0
402,11,name,3,kelly,9.0,0.0,melissa,12,shannon,melissa,BN,0.0
403,11,name,4,kelly,2.0,0.0,kelly,12,melissa,melissa,RS,0.0
404,11,name,5,melissa,5.0,0.0,kelly,13,melissa,charlie,RP,0.0
405,11,name,6,melissa,7.0,0.0,melissa,13,charlie,charlie,RS,0.0
406,11,name,7,kelly,5.0,1.0,melissa,12,charlie,kelly,EC,1.0
407,11,name,8,kelly,5.0,1.0,kelly,12,kelly,kelly,RP,2.0
408,11,name,9,kelly,2.0,0.0,kelly,13,kelly,charlie,RP,2.0
409,11,name,10,kelly,7.0,0.0,kelly,10,charlie,janet,RS,2.0
410,11,name,11,kelly,4.0,0.0,kelly,10,janet,janet,RS,2.0
411,11,name,12,kelly,9.0,0.0,kelly,13,janet,charlie,RS,2.0
412,11,name,13,kelly,10.0,0.0,kelly,10,charlie,janet,RS,2.0
413,11,name,14,janet,4.0,1.0,kelly,9,janet,janet,RP,3.0
414,11,name,15,charlie,7.0,0.0,janet,12,janet,shannon,EC,3.0
415,11,name,16,shannon,7.0,0.0,charlie,13,shannon,charlie,RP,3.0
416,11,name,17,shannon,6.0,0.0,shannon,13,charlie,charlie,RS,3.0
417,11,name,18,charlie,3.0,1.0,shannon,13,charlie,charlie,RP,4.0
418,11,name,19,shannon,9.0,0.0,charlie,13,charlie,charlie,EC,4.0
419,11,name,20,charlie,5.0,0.0,shannon,10,charlie,janet,RP,4.0
420,11,name,21,janet,9.0,1.0,charlie,9,janet,janet,RP,5.0
421,11,name,22,janet,1.0,1.0,janet,10,janet,janet,RP,6.0
422,11,name,23,charlie,2.0,1.0,janet,13,janet,charlie,EC,7.0
423,11,name,24,charlie,5.0,1.0,charlie,13,charlie,charlie,RS,8.0
424,11,name,25,charlie,10.0,0.0,charlie,10,charlie,janet,RS,8.0
425,11,name,26,janet,4.0,1.0,charlie,10,janet,janet,RP,9.0
426,11,name,27,janet,9.0,1.0,janet,10,janet,janet,RS,10.0
427,11,name,28,janet,7.0,0.0,janet,13,janet,charlie,RP,10.0
428,11,name,29,charlie,6.0,0.0,janet,9,charlie,janet,RP,10.0
429,11,name,30,janet,8.0,0.0,charlie,13,janet,charlie,RP,10.0
430,11,name,31,janet,10.0,1.0,janet,10,charlie,janet,RS,11.0
431,11,name,32,janet,7.0,0.0,janet,13,janet,charlie,RS,11.0
432,11,name,33,janet,4.0,1.0,janet,9,charlie,janet,RS,12.0
433,11,name,34,charlie,2.0,0.0,janet,10,janet,janet,EC,12.0
434,11,name,35,janet,2.0,0.0,charlie,13,janet,charlie,RP,12.0
435,11,name,36,janet,8.0,0.0,janet,13,charlie,charlie,RS,12.0
436,11,name,37,janet,5.0,1.0,janet,10,charlie,janet,RS,13.0
437,11,name,38,janet,7.0,0.0,janet,12,janet,anna,RP,13.0
438,11,name,39,janet,9.0,0.0,janet,13,anna,charlie,RS,13.0
439,11,name,40,janet,9.0,1.0,janet,9,charlie,janet,RS,14.0
440,12,name,1,lisa,5.0,0.0,nan,11,,rebecca,BN,0.0
441,12,name,2,shannon,10.0,0.0,lisa,11,rebecca,melissa,BN,0.0
442,12,name,3,melissa,9.0,0.0,shannon,11,melissa,kelly,RP,0.0
443,12,name,4,melissa,2.0,0.0,melissa,11,kelly,kelly,RS,0.0
444,12,name,5,kelly,4.0,0.0,melissa,10,kelly,janet,RP,0.0
445,12,name,6,kelly,8.0,0.0,kelly,14,janet,anna,RS,0.0
446,12,name,7,kelly,5.0,1.0,kelly,11,anna,kelly,RS,1.0
447,12,name,8,kelly,5.0,1.0,kelly,11,kelly,kelly,RS,2.0
448,12,name,9,kelly,1.0,0.0,kelly,10,kelly,janet,RP,2.0
449,12,name,10,kelly,8.0,0.0,kelly,13,janet,charlie,RS,2.0
450,12,name,11,sam,5.0,0.0,kelly,14,charlie,anna,BN,2.0
451,12,name,12,angela,10.0,0.0,sam,14,anna,anna,BN,2.0
452,12,name,13,anna,1.0,0.0,angela,13,anna,charlie,RP,2.0
453,12,name,14,bianca,5.0,0.0,anna,10,charlie,janet,BN,2.0
454,12,name,15,shannon,7.0,0.0,bianca,11,janet,charlie,EC,2.0
455,12,name,16,sam,8.0,0.0,shannon,14,charlie,anna,EC,2.0
456,12,name,17,kelly,7.0,0.0,sam,14,anna,anna,EC,2.0
457,12,name,18,anna,2.0,0.0,kelly,10,anna,jamie,RP,2.0
458,12,name,19,janet,8.0,1.0,anna,10,jamie,janet,EC,3.0
459,12,name,20,charlie,6.0,0.0,janet,14,janet,anna,EC,3.0
460,12,name,21,anna,10.0,0.0,charlie,14,anna,kelly,RP,3.0
461,12,name,22,charlie,2.0,0.0,anna,14,kelly,kelly,EC,3.0
462,12,name,23,anna,1.0,0.0,charlie,10,kelly,janet,EC,3.0
463,12,name,24,anna,6.0,0.0,anna,14,janet,charlie,RS,3.0
464,12,name,25,kelly,2.0,0.0,anna,14,charlie,anna,EC,3.0
465,12,name,26,chloe,5.0,0.0,kelly,13,anna,charlie,BN,3.0
466,12,name,27,janet,10.0,0.0,chloe,13,charlie,charlie,EC,3.0
467,12,name,28,kelly,8.0,0.0,janet,14,charlie,anna,EC,3.0
468,12,name,29,michelle,7.0,0.0,kelly,14,anna,anna,BN,3.0
469,12,name,30,charlie,7.0,0.0,michelle,10,anna,janet,EC,3.0
470,12,name,31,angela,1.0,0.0,charlie,14,janet,anna,EC,3.0
471,12,name,32,janet,6.0,1.0,angela,10,anna,janet,EC,4.0
472,12,name,33,anna,5.0,0.0,janet,10,janet,janet,EC,4.0
473,12,name,34,kelly,3.0,0.0,anna,14,janet,anna,EC,4.0
474,12,name,35,janet,3.0,0.0,kelly,14,anna,anna,EC,4.0
475,12,name,36,anna,7.0,0.0,janet,10,anna,janet,RP,4.0
476,12,name,37,janet,6.0,0.0,anna,14,janet,anna,RP,4.0
477,12,name,38,anna,7.0,0.0,janet,11,anna,janet,RP,4.0
478,12,name,39,anna,10.0,1.0,anna,14,janet,anna,RS,5.0
479,12,name,40,janet,10.0,1.0,anna,10,anna,janet,EC,6.0
480,13,name,1,charlie,6.0,0.0,nan,14,,erin,BN,0.0
481,13,name,2,erin,2.0,0.0,charlie,15,erin,pamela,RP,0.0
482,13,name,3,charlie,10.0,0.0,erin,15,pamela,brooklyn,EC,0.0
483,13,name,4,charlie,3.0,0.0,charlie,15,brooklyn,carter,RS,0.0
484,13,name,5,charlie,5.0,0.0,charlie,11,carter,melissa,RS,0.0
485,13,name,6,charlie,7.0,0.0,charlie,11,melissa,melissa,RS,0.0
486,13,name,7,charlie,6.0,0.0,charlie,14,melissa,anna,RS,0.0
487,13,name,8,charlie,6.0,0.0,charlie,15,anna,sarah,RS,0.0
488,13,name,9,charlie,2.0,0.0,charlie,11,sarah,kelly,RS,0.0
489,13,name,10,charlie,8.0,0.0,charlie,12,kelly,kelly,RS,0.0
490,13,name,11,charlie,6.0,0.0,charlie,15,kelly,sarah,RS,0.0
491,13,name,12,charlie,9.0,0.0,charlie,11,sarah,kelly,RS,0.0
492,13,name,13,charlie,1.0,0.0,charlie,12,kelly,anna,RS,0.0
493,13,name,14,charlie,6.0,0.0,charlie,14,anna,anna,RS,0.0
494,13,name,15,charlie,8.0,0.0,charlie,15,anna,sarah,RS,0.0
495,13,name,16,charlie,7.0,0.0,charlie,11,sarah,shannon,RS,0.0
496,13,name,17,charlie,6.0,0.0,charlie,11,shannon,shannon,RS,0.0
497,13,name,18,charlie,3.0,1.0,charlie,11,shannon,charlie,RS,1.0
498,13,name,19,charlie,9.0,0.0,charlie,11,charlie,shannon,RP,1.0
499,13,name,20,charlie,7.0,0.0,charlie,15,shannon,anna,RS,1.0
500,13,name,21,charlie,1.0,0.0,charlie,15,anna,anna,RS,1.0
501,13,name,22,charlie,3.0,1.0,charlie,15,anna,charlie,RS,2.0
502,13,name,23,charlie,2.0,1.0,charlie,11,charlie,charlie,RP,3.0
503,13,name,24,charlie,5.0,1.0,charlie,11,charlie,charlie,RP,4.0
504,13,name,25,charlie,1.0,0.0,charlie,15,charlie,sarah,RS,4.0
505,13,name,26,charlie,5.0,0.0,charlie,12,sarah,chloe,RS,4.0
506,13,name,27,charlie,10.0,0.0,charlie,12,chloe,janet,RS,4.0
507,13,name,28,charlie,7.0,0.0,charlie,11,janet,janet,RS,4.0
508,13,name,29,charlie,8.0,0.0,charlie,15,janet,anna,RS,4.0
509,13,name,30,charlie,8.0,0.0,charlie,11,anna,janet,RS,4.0
510,13,name,31,charlie,2.0,0.0,charlie,15,janet,sarah,RS,4.0
511,13,name,32,charlie,7.0,0.0,charlie,11,sarah,janet,RS,4.0
512,13,name,33,charlie,6.0,0.0,charlie,15,janet,sarah,RS,4.0
513,13,name,34,charlie,4.0,0.0,charlie,15,sarah,sarah,RS,4.0
514,13,name,35,charlie,2.0,0.0,charlie,11,sarah,janet,RS,4.0
515,13,name,36,charlie,8.0,0.0,charlie,11,janet,janet,RS,4.0
516,13,name,37,charlie,7.0,0.0,charlie,15,janet,sarah,RS,4.0
517,13,name,38,charlie,8.0,0.0,charlie,14,sarah,anna,RS,4.0
518,13,name,39,charlie,9.0,0.0,charlie,11,anna,janet,RS,4.0
519,13,name,40,charlie,1.0,0.0,charlie,14,janet,anna,RS,4.0
520,14,name,1,erin,6.0,0.0,nan,13,,charlie,BN,0.0
521,14,name,2,sam,1.0,0.0,erin,16,charlie,anna,BN,0.0
522,14,name,3,erin,1.0,0.0,sam,16,anna,sarah,EC,0.0
523,14,name,4,erin,4.0,0.0,erin,16,sarah,anna,RS,0.0
524,14,name,5,jessica,6.0,0.0,erin,16,anna,anna,BN,0.0
525,14,name,6,anna,8.0,0.0,jessica,12,anna,kelly,RP,0.0
526,14,name,7,anna,6.0,0.0,anna,13,kelly,charlie,RS,0.0
527,14,name,8,anna,7.0,1.0,anna,16,charlie,anna,RS,1.0
528,14,name,9,anna,3.0,1.0,anna,16,anna,anna,RP,2.0
529,14,name,10,anna,9.0,0.0,anna,15,anna,sarah,RS,2.0
530,14,name,11,anna,5.0,0.0,anna,12,sarah,sam,RS,2.0
531,14,name,12,anna,10.0,0.0,anna,12,sam,angela,RS,2.0
532,14,name,13,anna,2.0,1.0,anna,16,angela,anna,RS,3.0
533,14,name,14,anna,6.0,0.0,anna,13,anna,charlie,RP,3.0
534,14,name,15,anna,9.0,1.0,anna,16,charlie,anna,RS,4.0
535,14,name,16,anna,8.0,0.0,anna,12,anna,sam,RS,4.0
536,14,name,17,anna,7.0,0.0,anna,12,sam,kelly,RS,4.0
537,14,name,18,anna,4.0,0.0,anna,15,kelly,sarah,RS,4.0
538,14,name,19,anna,10.0,1.0,anna,15,sarah,anna,RS,5.0
539,14,name,20,anna,6.0,0.0,anna,12,anna,charlie,RS,5.0
540,14,name,21,kelly,10.0,0.0,anna,12,charlie,anna,EC,5.0
541,14,name,22,kelly,2.0,0.0,kelly,12,anna,charlie,RS,5.0
542,14,name,23,kelly,3.0,0.0,kelly,15,charlie,charlie,RS,5.0
543,14,name,24,charlie,6.0,0.0,kelly,12,charlie,anna,RP,5.0
544,14,name,25,anna,2.0,0.0,charlie,12,anna,kelly,RP,5.0
545,14,name,26,anna,6.0,1.0,anna,16,kelly,anna,RS,6.0
546,14,name,27,anna,1.0,0.0,anna,15,anna,sarah,RP,6.0
547,14,name,28,anna,8.0,0.0,anna,12,sarah,kelly,RS,6.0
548,14,name,29,anna,7.0,0.0,anna,12,kelly,michelle,RS,6.0
549,14,name,30,anna,9.0,1.0,anna,16,michelle,anna,RS,7.0
550,14,name,31,anna,1.0,0.0,anna,12,anna,angela,RS,7.0
551,14,name,32,anna,8.0,1.0,anna,16,angela,anna,RS,8.0
552,14,name,33,anna,7.0,1.0,anna,16,anna,anna,RP,9.0
553,14,name,34,anna,3.0,0.0,anna,12,anna,kelly,RP,9.0
554,14,name,35,anna,3.0,0.0,anna,12,kelly,janet,RS,9.0
555,14,name,36,anna,9.0,0.0,anna,15,janet,sarah,RS,9.0
556,14,name,37,anna,6.0,0.0,anna,12,sarah,janet,RS,9.0
557,14,name,38,anna,8.0,0.0,anna,13,janet,charlie,RS,9.0
558,14,name,39,anna,10.0,1.0,anna,12,charlie,anna,RS,10.0
559,14,name,40,anna,1.0,0.0,anna,13,anna,charlie,RS,10.0
560,15,name,1,pamela,7.0,0.0,nan,17,,sarah,BN,0.0
561,15,name,2,pamela,2.0,0.0,pamela,13,sarah,erin,RS,0.0
562,15,name,3,brooklyn,10.0,0.0,pamela,13,erin,charlie,BN,0.0
563,15,name,4,carter,3.0,0.0,brooklyn,13,charlie,charlie,BN,0.0
564,15,name,5,taylor,7.0,0.0,carter,17,charlie,sarah,BN,0.0
565,15,name,6,brie,9.0,0.0,taylor,17,sarah,sarah,BN,0.0
566,15,name,7,sarah,7.0,1.0,brie,17,sarah,sarah,RP,1.0
567,15,name,8,sarah,6.0,0.0,sarah,13,sarah,charlie,RS,1.0
568,15,name,9,sarah,4.0,1.0,sarah,17,charlie,sarah,RS,2.0
569,15,name,10,sarah,9.0,0.0,sarah,14,sarah,anna,RS,2.0
570,15,name,11,sarah,6.0,0.0,sarah,13,anna,charlie,RS,2.0
571,15,name,12,sarah,1.0,0.0,sarah,16,charlie,anna,RS,2.0
572,15,name,13,sarah,3.0,1.0,sarah,17,anna,sarah,RS,3.0
573,15,name,14,sarah,7.0,0.0,sarah,16,sarah,anna,RS,3.0
574,15,name,15,sarah,8.0,0.0,sarah,13,anna,charlie,RS,3.0
575,15,name,16,sarah,9.0,1.0,sarah,17,charlie,sarah,RS,4.0
576,15,name,17,sarah,8.0,0.0,sarah,16,sarah,anna,RP,4.0
577,15,name,18,sarah,4.0,0.0,sarah,14,anna,anna,RS,4.0
578,15,name,19,anna,10.0,1.0,sarah,14,anna,anna,RP,5.0
579,15,name,20,anna,7.0,0.0,anna,13,anna,charlie,RS,5.0
580,15,name,21,anna,1.0,0.0,anna,13,charlie,charlie,RS,5.0
581,15,name,22,charlie,3.0,1.0,anna,13,charlie,charlie,RP,6.0
582,15,name,23,charlie,3.0,0.0,charlie,14,charlie,kelly,RS,6.0
583,15,name,24,kelly,7.0,0.0,charlie,17,kelly,sarah,RP,6.0
584,15,name,25,sarah,1.0,0.0,kelly,13,sarah,charlie,RP,6.0
585,15,name,26,sarah,7.0,1.0,sarah,17,charlie,sarah,RS,7.0
586,15,name,27,sarah,1.0,0.0,sarah,14,sarah,anna,RS,7.0
587,15,name,28,anna,9.0,1.0,sarah,16,anna,anna,RP,8.0
588,15,name,29,anna,8.0,0.0,anna,13,anna,charlie,RS,8.0
589,15,name,30,charlie,10.0,0.0,anna,17,charlie,sarah,RP,8.0
590,15,name,31,sarah,2.0,0.0,charlie,13,sarah,charlie,RP,8.0
591,15,name,32,charlie,9.0,0.0,sarah,17,charlie,sarah,RP,8.0
592,15,name,33,sarah,6.0,0.0,charlie,13,sarah,charlie,RP,8.0
593,15,name,34,sarah,4.0,0.0,sarah,13,charlie,charlie,RS,8.0
594,15,name,35,sarah,4.0,0.0,sarah,16,charlie,anna,RS,8.0
595,15,name,36,sarah,9.0,0.0,sarah,14,anna,anna,RS,8.0
596,15,name,37,sarah,7.0,0.0,sarah,13,anna,charlie,RS,8.0
597,15,name,38,sara,9.0,0.0,sarah,16,charlie,anna,BN,8.0
598,15,name,39,sara,1.0,0.0,sara,16,anna,anna,RS,8.0
599,15,name,40,sara,2.0,0.0,sara,17,anna,sarah,RS,8.0
600,16,name,1,anna,8.0,0.0,nan,18,,billie,BN,0.0
601,16,name,2,anna,1.0,0.0,anna,14,billie,sam,RS,0.0
602,16,name,3,sarah,1.0,0.0,anna,14,sam,erin,BN,0.0
603,16,name,4,anna,4.0,0.0,sarah,14,erin,erin,EC,0.0
604,16,name,5,anna,6.0,0.0,anna,14,erin,jessica,RS,0.0
605,16,name,6,anna,10.0,0.0,anna,18,jessica,sarah,RS,0.0
606,16,name,7,anna,8.0,1.0,anna,18,sarah,anna,RS,1.0
607,16,name,8,anna,7.0,1.0,anna,14,anna,anna,RP,2.0
608,16,name,9,anna,3.0,1.0,anna,14,anna,anna,RS,3.0
609,16,name,10,anna,10.0,0.0,anna,17,anna,sarah,RS,3.0
610,16,name,11,anna,7.0,0.0,anna,17,sarah,sarah,RS,3.0
611,16,name,12,anna,1.0,0.0,anna,15,sarah,sarah,RS,3.0
612,16,name,13,anna,2.0,1.0,anna,14,sarah,anna,RS,4.0
613,16,name,14,anna,7.0,0.0,anna,15,anna,sarah,RS,4.0
614,16,name,15,anna,9.0,1.0,anna,14,sarah,anna,RS,5.0
615,16,name,16,anna,10.0,1.0,anna,18,anna,anna,RP,6.0
616,16,name,17,anna,8.0,0.0,anna,15,anna,sarah,RS,6.0
617,16,name,18,anna,5.0,1.0,anna,18,sarah,anna,RS,7.0
618,16,name,19,anna,1.0,0.0,anna,17,anna,sarah,RP,7.0
619,16,name,20,anna,8.0,0.0,anna,17,sarah,sarah,RS,7.0
620,16,name,21,anna,2.0,1.0,anna,18,sarah,anna,RS,8.0
621,16,name,22,anna,4.0,0.0,anna,17,anna,sarah,RS,8.0
622,16,name,23,anna,4.0,1.0,anna,18,sarah,anna,RS,9.0
623,16,name,24,anna,8.0,1.0,anna,18,anna,anna,RP,10.0
624,16,name,25,anna,3.0,1.0,anna,18,anna,anna,RP,11.0
625,16,name,26,anna,6.0,1.0,anna,14,anna,anna,RP,12.0
626,16,name,27,anna,2.0,1.0,anna,18,anna,anna,RP,13.0
627,16,name,28,anna,9.0,1.0,anna,15,anna,anna,RP,14.0
628,16,name,29,anna,9.0,1.0,anna,18,anna,anna,RP,15.0
629,16,name,30,anna,9.0,1.0,anna,14,anna,anna,RP,16.0
630,16,name,31,anna,3.0,0.0,anna,17,anna,sarah,RP,16.0
631,16,name,32,anna,8.0,1.0,anna,14,sarah,anna,RS,17.0
632,16,name,33,anna,7.0,1.0,anna,14,anna,anna,RS,18.0
633,16,name,34,anna,5.0,1.0,anna,18,anna,anna,RS,19.0
634,16,name,35,anna,4.0,0.0,anna,15,anna,sarah,RS,19.0
635,16,name,36,anna,10.0,0.0,anna,17,sarah,sarah,RS,19.0
636,16,name,37,anna,8.0,1.0,anna,18,sarah,anna,RS,20.0
637,16,name,38,anna,9.0,0.0,anna,15,anna,sara,RS,20.0
638,16,name,39,anna,1.0,0.0,anna,15,sara,sara,RS,20.0
639,16,name,40,anna,3.0,1.0,anna,18,sara,anna,RS,21.0
640,17,name,1,sarah,7.0,0.0,nan,15,,pamela,BN,0.0
641,17,name,2,sarah,3.0,0.0,sarah,19,pamela,emma,RS,0.0
642,17,name,3,sarah,2.0,0.0,sarah,18,emma,billie,RS,0.0
643,17,name,4,sarah,5.0,0.0,sarah,18,billie,kate,RS,0.0
644,17,name,5,sarah,7.0,0.0,sarah,15,kate,taylor,RS,0.0
645,17,name,6,sarah,9.0,0.0,sarah,15,taylor,brie,RS,0.0
646,17,name,7,sarah,7.0,1.0,sarah,15,brie,sarah,RS,1.0
647,17,name,8,sarah,8.0,0.0,sarah,19,sarah,emma,RS,1.0
648,17,name,9,sarah,4.0,1.0,sarah,15,emma,sarah,RS,2.0
649,17,name,10,sarah,10.0,0.0,sarah,16,sarah,anna,RS,2.0
650,17,name,11,sarah,7.0,0.0,sarah,16,anna,anna,RS,2.0
651,17,name,12,sarah,2.0,1.0,sarah,19,anna,sarah,RS,3.0
652,17,name,13,sarah,3.0,1.0,sarah,15,sarah,sarah,RP,4.0
653,17,name,14,sarah,8.0,0.0,sarah,18,sarah,anna,RS,4.0
654,17,name,15,sarah,10.0,1.0,sarah,19,anna,sarah,RS,5.0
655,17,name,16,sarah,9.0,1.0,sarah,15,sarah,sarah,RS,6.0
656,17,name,17,sarah,9.0,0.0,sarah,18,sarah,anna,RS,6.0
657,17,name,18,sarah,6.0,0.0,sarah,19,anna,anna,RS,6.0
658,17,name,19,sarah,1.0,0.0,sarah,16,anna,anna,RS,6.0
659,17,name,20,sarah,8.0,0.0,sarah,16,anna,anna,RS,6.0
660,17,name,21,sarah,3.0,1.0,sarah,19,anna,sarah,RS,7.0
661,17,name,22,sarah,4.0,0.0,sarah,16,sarah,anna,RP,7.0
662,17,name,23,sarah,5.0,1.0,sarah,19,anna,sarah,RS,8.0
663,17,name,24,sarah,7.0,0.0,sarah,15,sarah,kelly,RS,8.0
664,17,name,25,sarah,4.0,1.0,sarah,19,kelly,sarah,RS,9.0
665,17,name,26,sarah,7.0,1.0,sarah,15,sarah,sarah,RS,10.0
666,17,name,27,sarah,3.0,1.0,sarah,19,sarah,sarah,RP,11.0
667,17,name,28,sarah,10.0,1.0,sarah,19,sarah,sarah,RS,12.0
668,17,name,29,sarah,10.0,1.0,sarah,19,sarah,sarah,RP,13.0
669,17,name,30,sarah,10.0,0.0,sarah,15,sarah,charlie,RS,13.0
670,17,name,31,sarah,3.0,0.0,sarah,16,charlie,anna,RS,13.0
671,17,name,32,sarah,9.0,0.0,sarah,15,anna,charlie,RS,13.0
672,17,name,33,sarah,8.0,1.0,sarah,19,charlie,sarah,RS,14.0
673,17,name,34,sarah,6.0,1.0,sarah,19,sarah,sarah,RP,15.0
674,17,name,35,sarah,5.0,0.0,sarah,18,sarah,anna,RS,15.0
675,17,name,36,sarah,10.0,0.0,sarah,16,anna,anna,RS,15.0
676,17,name,37,sarah,9.0,1.0,sarah,19,anna,sarah,RS,16.0
677,17,name,38,sarah,10.0,0.0,sarah,18,sarah,anna,RP,16.0
678,17,name,39,sarah,2.0,0.0,sarah,18,anna,anna,RS,16.0
679,17,name,40,sarah,2.0,0.0,sarah,15,anna,sara,RS,16.0
680,18,name,1,billie,8.0,0.0,nan,16,,anna,BN,0.0
681,18,name,2,billie,4.0,0.0,billie,20,anna,claire,RS,0.0
682,18,name,3,billie,2.0,0.0,billie,17,claire,sarah,RS,0.0
683,18,name,4,kate,5.0,0.0,billie,17,sarah,sarah,BN,0.0
684,18,name,5,sarah,8.0,0.0,kate,20,sarah,claire,RP,0.0
685,18,name,6,sarah,10.0,0.0,sarah,16,claire,anna,RS,0.0
686,18,name,7,anna,8.0,1.0,sarah,16,anna,anna,RP,1.0
687,18,name,8,anna,9.0,0.0,anna,20,anna,kelly,RS,1.0
688,18,name,9,anna,5.0,0.0,anna,20,kelly,kelly,RS,1.0
689,18,name,10,anna,1.0,0.0,anna,19,kelly,sarah,RS,1.0
690,18,name,11,anna,8.0,0.0,anna,20,sarah,kelly,RS,1.0
691,18,name,12,anna,3.0,0.0,anna,20,kelly,kelly,RS,1.0
692,18,name,13,anna,4.0,1.0,anna,20,kelly,anna,RS,2.0
693,18,name,14,anna,8.0,0.0,anna,17,anna,sarah,RS,2.0
694,18,name,15,anna,1.0,1.0,anna,20,sarah,anna,RS,3.0
695,18,name,16,anna,10.0,1.0,anna,16,anna,anna,RP,4.0
696,18,name,17,anna,9.0,0.0,anna,17,anna,sarah,RP,4.0
697,18,name,18,anna,5.0,1.0,anna,16,sarah,anna,RS,5.0
698,18,name,19,anna,2.0,1.0,anna,20,anna,anna,RP,6.0
699,18,name,20,anna,9.0,1.0,anna,20,anna,anna,RS,7.0
700,18,name,21,anna,2.0,1.0,anna,16,anna,anna,RS,8.0
701,18,name,22,anna,5.0,0.0,anna,19,anna,sarah,RS,8.0
702,18,name,23,anna,4.0,1.0,anna,16,sarah,anna,RS,9.0
703,18,name,24,anna,8.0,1.0,anna,16,anna,anna,RP,10.0
704,18,name,25,anna,3.0,1.0,anna,16,anna,anna,RP,11.0
705,18,name,26,anna,8.0,0.0,anna,19,anna,sarah,RP,11.0
706,18,name,27,anna,2.0,1.0,anna,16,sarah,anna,RS,12.0
707,18,name,28,anna,1.0,1.0,anna,20,anna,anna,RP,13.0
708,18,name,29,anna,9.0,1.0,anna,16,anna,anna,RS,14.0
709,18,name,30,anna,1.0,1.0,anna,20,anna,anna,RP,15.0
710,18,name,31,anna,4.0,0.0,anna,19,anna,sarah,RS,15.0
711,18,name,32,anna,10.0,1.0,anna,19,sarah,anna,RS,16.0
712,18,name,33,anna,9.0,1.0,anna,20,anna,anna,RS,17.0
713,18,name,34,anna,5.0,1.0,anna,16,anna,anna,RP,18.0
714,18,name,35,anna,5.0,0.0,anna,17,anna,sarah,RS,18.0
715,18,name,36,anna,1.0,0.0,anna,19,sarah,sarah,RS,18.0
716,18,name,37,anna,8.0,1.0,anna,16,sarah,anna,RS,19.0
717,18,name,38,anna,10.0,0.0,anna,17,anna,sarah,RS,19.0
718,18,name,39,anna,2.0,0.0,anna,17,sarah,sarah,RS,19.0
719,18,name,40,anna,3.0,1.0,anna,16,sarah,anna,RS,20.0
720,19,name,1,tessa,9.0,0.0,nan,1,,emma,BN,0.0
721,19,name,2,emma,3.0,0.0,tessa,17,emma,sarah,RP,0.0
722,19,name,3,amanda,3.0,0.0,emma,20,sarah,claire,BN,0.0
723,19,name,4,sarah,6.0,0.0,amanda,1,claire,jane,EC,0.0
724,19,name,5,amanda,9.0,0.0,sarah,1,jane,jane,EC,0.0
725,19,name,6,amanda,1.0,0.0,amanda,20,jane,claire,RS,0.0
726,19,name,7,amanda,9.0,0.0,amanda,1,claire,emma,RS,0.0
727,19,name,8,emma,8.0,0.0,amanda,17,emma,sarah,RP,0.0
728,19,name,9,sarah,6.0,0.0,emma,1,sarah,emma,RP,0.0
729,19,name,10,sarah,1.0,0.0,sarah,18,emma,anna,RS,0.0
730,19,name,11,sarah,9.0,0.0,sarah,1,anna,emma,RS,0.0
731,19,name,12,sarah,2.0,1.0,sarah,17,emma,sarah,RS,1.0
732,19,name,13,sarah,5.0,0.0,sarah,1,sarah,emma,RP,1.0
733,19,name,14,sarah,9.0,0.0,sarah,20,emma,anna,RS,1.0
734,19,name,15,sarah,10.0,1.0,sarah,17,anna,sarah,RS,2.0
735,19,name,16,emma,1.0,0.0,sarah,20,sarah,anna,EC,2.0
736,19,name,17,sarah,10.0,0.0,emma,20,anna,anna,EC,2.0
737,19,name,18,anna,6.0,0.0,sarah,17,anna,sarah,RP,2.0
738,19,name,19,sarah,3.0,0.0,anna,1,sarah,emma,RP,2.0
739,19,name,20,anna,10.0,0.0,sarah,1,emma,emma,EC,2.0
740,19,name,21,sarah,3.0,1.0,anna,17,emma,sarah,EC,3.0
741,19,name,22,sarah,5.0,0.0,sarah,18,sarah,anna,RP,3.0
742,19,name,23,sarah,5.0,1.0,sarah,17,anna,sarah,RS,4.0
743,19,name,24,sarah,9.0,0.0,sarah,1,sarah,anna,RP,4.0
744,19,name,25,sarah,4.0,1.0,sarah,17,anna,sarah,RS,5.0
745,19,name,26,sarah,8.0,0.0,sarah,18,sarah,anna,RP,5.0
746,19,name,27,sarah,3.0,1.0,sarah,17,anna,sarah,RS,6.0
747,19,name,28,sarah,10.0,1.0,sarah,17,sarah,sarah,RP,7.0
748,19,name,29,sarah,10.0,1.0,sarah,17,sarah,sarah,RS,8.0
749,19,name,30,sarah,2.0,0.0,sarah,1,sarah,emma,RP,8.0
750,19,name,31,sarah,4.0,0.0,sarah,18,emma,anna,RS,8.0
751,19,name,32,anna,10.0,1.0,sarah,18,anna,anna,RP,9.0
752,19,name,33,sarah,8.0,1.0,anna,17,anna,sarah,EC,10.0
753,19,name,34,sarah,6.0,1.0,sarah,17,sarah,sarah,RS,11.0
754,19,name,35,sarah,6.0,0.0,sarah,1,sarah,emma,RS,11.0
755,19,name,36,sarah,1.0,0.0,sarah,18,emma,anna,RS,11.0
756,19,name,37,sarah,9.0,1.0,sarah,17,anna,sarah,RS,12.0
757,19,name,38,sarah,1.0,0.0,sarah,20,sarah,anna,RS,12.0
758,19,name,39,sarah,3.0,0.0,sarah,20,anna,anna,RS,12.0
759,19,name,40,sarah,4.0,0.0,sarah,1,anna,emma,RS,12.0
760,20,name,1,emily,10.0,0.0,nan,2,,claire,BN,0.0
761,20,name,2,claire,4.0,0.0,emily,18,claire,billie,RP,0.0
762,20,name,3,claire,3.0,0.0,claire,19,billie,amanda,RS,0.0
763,20,name,4,claire,7.0,0.0,claire,2,amanda,kelly,RS,0.0
764,20,name,5,claire,8.0,0.0,claire,18,kelly,sarah,RS,0.0
765,20,name,6,claire,1.0,0.0,claire,19,sarah,amanda,RS,0.0
766,20,name,7,claire,10.0,0.0,claire,2,amanda,kelly,RS,0.0
767,20,name,8,kelly,9.0,0.0,claire,18,kelly,anna,RP,0.0
768,20,name,9,kelly,5.0,0.0,kelly,18,anna,anna,RS,0.0
769,20,name,10,kelly,2.0,0.0,kelly,1,anna,emma,RS,0.0
770,20,name,11,kelly,8.0,0.0,kelly,18,emma,anna,RS,0.0
771,20,name,12,kelly,3.0,0.0,kelly,18,anna,anna,RS,0.0
772,20,name,13,anna,4.0,1.0,kelly,18,anna,anna,RP,1.0
773,20,name,14,anna,9.0,0.0,anna,19,anna,sarah,RS,1.0
774,20,name,15,anna,1.0,1.0,anna,18,sarah,anna,RS,2.0
775,20,name,16,anna,1.0,0.0,anna,19,anna,emma,RP,2.0
776,20,name,17,anna,10.0,0.0,anna,19,emma,sarah,RS,2.0
777,20,name,18,anna,7.0,0.0,anna,2,sarah,emma,RS,2.0
778,20,name,19,anna,2.0,1.0,anna,18,emma,anna,RS,3.0
779,20,name,20,anna,9.0,1.0,anna,18,anna,anna,RS,4.0
780,20,name,21,anna,4.0,0.0,anna,2,anna,emma,RP,4.0
781,20,name,22,anna,6.0,0.0,anna,1,emma,emma,RS,4.0
782,20,name,23,anna,6.0,0.0,anna,1,emma,emma,RS,4.0
783,20,name,24,anna,10.0,0.0,anna,2,emma,emma,RS,4.0
784,20,name,25,anna,5.0,0.0,anna,2,emma,emma,RS,4.0
785,20,name,26,anna,9.0,0.0,anna,2,emma,emma,RS,4.0
786,20,name,27,anna,4.0,0.0,anna,1,emma,emma,RS,4.0
787,20,name,28,anna,1.0,1.0,anna,18,emma,anna,RS,5.0
788,20,name,29,anna,1.0,0.0,anna,2,anna,emma,RP,5.0
789,20,name,30,anna,1.0,1.0,anna,18,emma,anna,RS,6.0
790,20,name,31,anna,5.0,0.0,anna,1,anna,sarah,RP,6.0
791,20,name,32,anna,2.0,0.0,anna,2,sarah,emma,RS,6.0
792,20,name,33,anna,9.0,1.0,anna,18,emma,anna,RS,7.0
793,20,name,34,anna,7.0,0.0,anna,2,anna,emma,RP,7.0
794,20,name,35,anna,7.0,0.0,anna,2,emma,emma,RS,7.0
795,20,name,36,anna,2.0,0.0,anna,2,emma,emma,RS,7.0
796,20,name,37,anna,10.0,0.0,anna,1,emma,emma,RS,7.0
797,20,name,38,anna,1.0,0.0,anna,19,emma,sarah,RS,7.0
798,20,name,39,anna,3.0,0.0,anna,19,sarah,sarah,RS,7.0
799,20,name,40,anna,5.0,0.0,anna,2,sarah,emma,RS,7.0
